#,Category,Difficulty,Dutch,English
1,COMMON WORDS,Easy,de,the
2,COMMON WORDS,Easy,en,and
3,COMMON WORDS,Easy,een,a
4,COMMON WORDS,Easy,het,it
5,COMMON WORDS,Easy,in,in
6,COMMON WORDS,Easy,te,too
7,COMMON WORDS,Easy,ik,I
8,COMMON WORDS,Easy,hebben,to have
9,COMMON WORDS,Easy,hij,he
10,COMMON WORDS,Easy,niet,not
11,COMMON WORDS,Easy,op,on
12,COMMON WORDS,Easy,dat,that
13,COMMON WORDS,Easy,voor,before
14,COMMON WORDS,Easy,er,there
15,COMMON WORDS,Easy,je,you
16,COMMON WORDS,Easy,zullen,shall
17,COMMON WORDS,Easy,kunnen,can/to be able to
18,COMMON WORDS,Easy,haar,her
19,COMMON WORDS,Easy,of,or
20,COMMON WORDS,Easy,wat,what
21,COMMON WORDS,Easy,gaan,to go
22,COMMON WORDS,Easy,hem,him
23,COMMON WORDS,Easy,komen,come
24,COMMON WORDS,Easy,dan,then
25,COMMON WORDS,Easy,zo,so
26,COMMON WORDS,Easy,moeten,should
27,COMMON WORDS,Easy,mijn,my
28,COMMON WORDS,Easy,zij,she
29,COMMON WORDS,Easy,deze,this
30,COMMON WORDS,Easy,we,we
31,COMMON WORDS,Easy,meer,more
32,COMMON WORDS,Easy,dit,this
33,COMMON WORDS,Easy,maken,to make
34,COMMON WORDS,Easy,staan,stand
35,COMMON WORDS,Easy,goed,good
36,COMMON WORDS,Easy,ander,other
37,COMMON WORDS,Easy,doen,to do
38,COMMON WORDS,Easy,me,me
39,COMMON WORDS,Easy,u,you
40,COMMON WORDS,Easy,mij,me
41,COMMON WORDS,Easy,laten,to let
42,COMMON WORDS,Easy,al,already
43,COMMON WORDS,Easy,daar,there
44,COMMON WORDS,Easy,denken,to think
45,COMMON WORDS,Easy,toen,then (past)
46,COMMON WORDS,Easy,geven,to give
47,COMMON WORDS,Easy,hoe,how
48,COMMON WORDS,Easy,nu,now
49,COMMON WORDS,Easy,vinden,find
50,COMMON WORDS,Easy,man,man
51,COMMON WORDS,Easy,jaar,year
52,COMMON WORDS,Easy,hier,here
53,COMMON WORDS,Easy,wij,we
54,COMMON WORDS,Easy,houden,to keep
55,COMMON WORDS,Easy,zitten,to sit
56,COMMON WORDS,Easy,hand,hand
57,COMMON WORDS,Easy,lang,long
58,COMMON WORDS,Easy,twee,two
59,COMMON WORDS,Easy,dag,day
60,COMMON WORDS,Easy,eerst,first
61,COMMON WORDS,Easy,alleen,only
62,COMMON WORDS,Easy,brengen,bring
63,COMMON WORDS,Easy,beginnen,to begin
64,COMMON WORDS,Easy,zelf,self
65,COMMON WORDS,Easy,horen,to hear
66,COMMON WORDS,Easy,nieuw,new
67,COMMON WORDS,Easy,laat,late
68,COMMON WORDS,Easy,voelen,to feel
69,COMMON WORDS,Easy,plaats,place
70,COMMON WORDS,Easy,leven,life
71,COMMON WORDS,Easy,huis,house
72,COMMON WORDS,Easy,vallen,fall
73,COMMON WORDS,Easy,moeder,mother
74,COMMON WORDS,Easy,spreken,to speak
75,COMMON WORDS,Easy,woord,word
76,COMMON WORDS,Easy,ja,yes
77,COMMON WORDS,Easy,wanneer,when
78,COMMON WORDS,Easy,vader,father
79,COMMON WORDS,Easy,werk,work
80,COMMON WORDS,Easy,elk,each
81,COMMON WORDS,Easy,ver,far
82,COMMON WORDS,Easy,later,later
83,COMMON WORDS,Easy,vertellen,to tell
84,COMMON WORDS,Easy,jij,you
85,COMMON WORDS,Easy,drie,three
86,COMMON WORDS,Easy,oud,old
87,COMMON WORDS,Easy,soms,sometimes
88,COMMON WORDS,Easy,wereld,world
89,COMMON WORDS,Easy,eerst,first
90,COMMON WORDS,Easy,uur,hour
91,COMMON WORDS,Easy,naam,name
92,COMMON WORDS,Easy,soort,kind
93,COMMON WORDS,Easy,werken,to work
94,COMMON WORDS,Easy,vol,full
95,COMMON WORDS,Easy,welk,which
96,COMMON WORDS,Easy,boek,book
97,COMMON WORDS,Easy,deur,door
98,COMMON WORDS,Easy,ding,thing
99,COMMON WORDS,Easy,nee,no
100,COMMON WORDS,Easy,water,water
101,COMMON WORDS,Easy,feit,fact
102,COMMON WORDS,Easy,wachten,to wait
103,COMMON WORDS,Easy,leren,to learn
104,COMMON WORDS,Easy,open,open
105,COMMON WORDS,Easy,probleem,problem
106,COMMON WORDS,Easy,groep,group
107,COMMON WORDS,Easy,jong,young
108,COMMON WORDS,Easy,wit,white
109,COMMON WORDS,Easy,zodat,so that
110,COMMON WORDS,Easy,lachen,laugh
111,COMMON WORDS,Easy,bed,bed
112,COMMON WORDS,Easy,verder,further
113,COMMON WORDS,Easy,moment,moment
114,COMMON WORDS,Easy,staat,state
115,COMMON WORDS,Easy,vriend,friend
116,COMMON WORDS,Easy,week,week
117,COMMON WORDS,Easy,laatste,last
118,COMMON WORDS,Easy,helpen,to help
119,COMMON WORDS,Easy,licht,light
120,COMMON WORDS,Easy,diep,deep
121,COMMON WORDS,Easy,nacht,night
122,COMMON WORDS,Easy,langs,along
123,COMMON WORDS,Easy,beide,both
124,COMMON WORDS,Easy,jullie,you
125,COMMON WORDS,Easy,vrij,free
126,COMMON WORDS,Easy,gevoel,feeling
127,COMMON WORDS,Easy,half,half
128,COMMON WORDS,Easy,tafel,table
129,COMMON WORDS,Easy,school,school
130,COMMON WORDS,Easy,vier,four
131,COMMON WORDS,Easy,dood,death
132,COMMON WORDS,Easy,sociaal,social
133,COMMON WORDS,Easy,hard,hard
134,COMMON WORDS,Easy,wijn,wine
135,COMMON WORDS,Easy,maand,month
136,COMMON WORDS,Easy,mond,mouth
137,COMMON WORDS,Easy,reden,reason
138,COMMON WORDS,Easy,voet,foot
139,COMMON WORDS,Easy,idee,idea
140,COMMON WORDS,Easy,oud,old
141,COMMON WORDS,Easy,rol,role
142,COMMON WORDS,Easy,jou,you
143,COMMON WORDS,Easy,antwoord,answer
144,COMMON WORDS,Easy,slapen,to sleep
145,COMMON WORDS,Easy,plan,plan
146,COMMON WORDS,Easy,meestal,mostly
147,COMMON WORDS,Easy,straat,street
148,COMMON WORDS,Easy,persoon,person
149,COMMON WORDS,Easy,schouder,shoulder
150,COMMON WORDS,Easy,luisteren,listen
151,COMMON WORDS,Easy,invloed,influence
152,COMMON WORDS,Easy,hart,heart
153,COMMON WORDS,Easy,zoon,son
154,COMMON WORDS,Easy,bezig,busy
155,COMMON WORDS,Easy,arm,arm
156,COMMON WORDS,Easy,tien,ten
157,COMMON WORDS,Easy,los,loose
158,COMMON WORDS,Easy,vijf,five
159,COMMON WORDS,Easy,minuut,minute
160,COMMON WORDS,Easy,liefde,love
161,COMMON WORDS,Easy,sommige,some
162,COMMON WORDS,Easy,direct,directly
163,COMMON WORDS,Easy,relatie,relationship
164,COMMON WORDS,Easy,systeem,system
165,COMMON WORDS,Easy,proces,process
166,COMMON WORDS,Easy,menen,mean
167,COMMON WORDS,Easy,derde,third
168,COMMON WORDS,Easy,drinken,drink
169,COMMON WORDS,Easy,contact,contact
170,COMMON WORDS,Easy,functie,function
171,COMMON WORDS,Easy,warm,warm
172,COMMON WORDS,Easy,vinger,finger
173,COMMON WORDS,Easy,kleur,color
174,COMMON WORDS,Easy,pijn,pain
175,COMMON WORDS,Easy,glas,glass
176,COMMON WORDS,Easy,artikel,article
177,COMMON WORDS,Easy,eind,end
178,COMMON WORDS,Easy,persoonlijk,personally
179,COMMON WORDS,Easy,rood,red
180,COMMON WORDS,Easy,dokter,doctor
181,COMMON WORDS,Easy,zee,sea
182,COMMON WORDS,Easy,groeien,to grow
183,COMMON WORDS,Easy,koud,cold
184,COMMON WORDS,Easy,leiden,to lead
185,COMMON WORDS,Easy,staan,to stand
186,COMMON WORDS,Easy,familie,family
187,COMMON WORDS,Easy,periode,period
188,COMMON WORDS,Easy,sinds,since
189,COMMON WORDS,Easy,resultaat,result
190,COMMON WORDS,Easy,normaal,normal
191,COMMON WORDS,Easy,rond,round
192,COMMON WORDS,Easy,organisatie,organization
193,COMMON WORDS,Easy,speciaal,special
194,COMMON WORDS,Easy,patiënt,patient
195,COMMON WORDS,Easy,broer,brother
196,COMMON WORDS,Easy,leveren,to deliver
197,COMMON WORDS,Easy,hopen,to hope
198,COMMON WORDS,Easy,totaal,total
199,COMMON WORDS,Easy,zes,six
200,COMMON WORDS,Easy,blauw,blue
201,COMMON WORDS,Easy,stap,step
202,COMMON WORDS,Easy,karakter,character
203,COMMON WORDS,Easy,theorie,theory
204,COMMON WORDS,Easy,bloed,blood
205,COMMON WORDS,Easy,beter,better
206,COMMON WORDS,Easy,dochter,daughter
207,COMMON WORDS,Easy,stappen,to step
208,COMMON WORDS,Easy,droom,dream
209,COMMON WORDS,Easy,meter,meter
210,COMMON WORDS,Easy,steen,stone
211,COMMON WORDS,Easy,hulp,help
212,COMMON WORDS,Easy,rest,rest
213,COMMON WORDS,Easy,muziek,music
214,COMMON WORDS,Easy,maaltijd,meal
215,COMMON WORDS,Easy,openen,to open
216,COMMON WORDS,Easy,bank,bank
217,COMMON WORDS,Easy,papier,paper
218,COMMON WORDS,Easy,hoop,hope
219,COMMON WORDS,Easy,minister,minister
220,COMMON WORDS,Easy,wind,wind
221,COMMON WORDS,Easy,koffie,coffee
222,COMMON WORDS,Easy,stoppen,stop
223,COMMON WORDS,Easy,oor,ear
224,COMMON WORDS,Easy,informatie,information
225,COMMON WORDS,Easy,methode,method
226,COMMON WORDS,Easy,lip,lip
227,COMMON WORDS,Easy,positie,position
228,COMMON WORDS,Easy,alle,all
229,COMMON WORDS,Easy,enorm,enormous
230,COMMON WORDS,Easy,foto,photo
231,COMMON WORDS,Easy,film,movie
232,COMMON WORDS,Easy,activiteit,activity
233,COMMON WORDS,Easy,modern,modern
234,COMMON WORDS,Easy,geluk,luck
235,COMMON WORDS,Easy,basis,base
236,COMMON WORDS,Easy,zuster,sister
237,COMMON WORDS,Easy,wakker,awake
238,COMMON WORDS,Easy,tante,aunt
239,COMMON WORDS,Easy,vuur,fire
240,COMMON WORDS,Easy,prijs,price
241,COMMON WORDS,Easy,reactie,reaction
242,COMMON WORDS,Easy,praktijk,practice
243,COMMON WORDS,Easy,neus,nose
244,COMMON WORDS,Easy,terrein,terrain
245,COMMON WORDS,Easy,koning,king
246,COMMON WORDS,Easy,zingen,to sing
247,COMMON WORDS,Easy,vliegen,fly
248,COMMON WORDS,Easy,cultuur,culture
249,COMMON WORDS,Easy,missen,to miss
250,COMMON WORDS,Easy,politie,law enforcement
251,COMMON WORDS,Easy,wensen,to wish
252,COMMON WORDS,Easy,factor,factor
253,COMMON WORDS,Easy,begin,get started
254,COMMON WORDS,Easy,succes,good luck
255,COMMON WORDS,Easy,kosten,to cost
256,COMMON WORDS,Easy,natuur,nature
257,COMMON WORDS,Easy,hotel,hotel
258,COMMON WORDS,Easy,studie,study
259,COMMON WORDS,Easy,vriendelijk,friendly
260,COMMON WORDS,Easy,aspect,aspect
261,COMMON WORDS,Easy,figuur,figure
262,COMMON WORDS,Easy,ontbreken,lack
263,COMMON WORDS,Easy,nationaal,national
264,COMMON WORDS,Easy,ziek,sick
265,COMMON WORDS,Easy,term,term
266,COMMON WORDS,Easy,geef,give
267,COMMON WORDS,Easy,rennen,To run
268,COMMON WORDS,Easy,Engels,english
269,COMMON WORDS,Easy,effect,effect
270,COMMON WORDS,Easy,plant,plant
271,COMMON WORDS,Easy,product,product
272,COMMON WORDS,Easy,slaap,sleep
273,COMMON WORDS,Easy,tekst,text
274,COMMON WORDS,Easy,knie,knee
275,COMMON WORDS,Easy,geboren,born
276,COMMON WORDS,Easy,telefoon,phone
277,COMMON WORDS,Easy,individueel,individually
278,COMMON WORDS,Easy,structuur,structure
279,COMMON WORDS,Easy,helft,half
280,COMMON WORDS,Easy,trein,train
281,COMMON WORDS,Easy,praktisch,practical
282,COMMON WORDS,Easy,zomer,summer
283,COMMON WORDS,Easy,winnen,to win
284,COMMON WORDS,Easy,conclusie,conclusion
285,COMMON WORDS,Easy,baby,baby
286,COMMON WORDS,Easy,internationaal,international
287,COMMON WORDS,Easy,eiland,island
288,COMMON WORDS,Easy,meester,master
289,COMMON WORDS,Easy,kwaliteit,quality
290,COMMON WORDS,Easy,vullen,to fill
291,COMMON WORDS,Easy,individu,individual
292,COMMON WORDS,Easy,vervullen,fulfill
293,COMMON WORDS,Easy,plaatsen,place
294,COMMON WORDS,Easy,bespreken,discuss
295,COMMON WORDS,Easy,discussie,discussion
296,COMMON WORDS,Easy,sigaret,cigarette
297,COMMON WORDS,Easy,vis,fish
298,COMMON WORDS,Easy,absoluut,absolutely
299,COMMON WORDS,Easy,historisch,historical
300,COMMON WORDS,Easy,nummer,number
301,COMMON WORDS,Easy,schaduw,shadow
302,COMMON WORDS,Easy,leiding,leadership
303,COMMON WORDS,Easy,kat,cat
304,COMMON WORDS,Easy,universiteit,university
305,COMMON WORDS,Easy,mezelf,myself
306,COMMON WORDS,Easy,fase,phase
307,COMMON WORDS,Easy,technisch,technical
308,COMMON WORDS,Easy,positief,positive
309,COMMON WORDS,Easy,programma,program
310,COMMON WORDS,Easy,leider,leader
311,COMMON WORDS,Easy,wapen,weapon
312,COMMON WORDS,Easy,literatuur,literature
313,COMMON WORDS,Easy,brood,bread
314,COMMON WORDS,Easy,medisch,medical
315,COMMON WORDS,Easy,officier,officer
316,COMMON WORDS,Easy,rivier,river
317,COMMON WORDS,Easy,dansen,to dance
318,COMMON WORDS,Easy,interessant,interesting
319,COMMON WORDS,Easy,markt,market
320,COMMON WORDS,Easy,officieel,officially
321,COMMON WORDS,Easy,baas,boss
322,COMMON WORDS,Easy,schoen,shoe
323,COMMON WORDS,Easy,boot,boat
324,COMMON WORDS,Easy,vloer,floor
325,COMMON WORDS,Easy,dromen,to dream
326,COMMON WORDS,Easy,winter,winter
327,COMMON WORDS,Easy,maan,moon
328,COMMON WORDS,Easy,kilometer,kilometers
329,COMMON WORDS,Easy,wens,wish
330,COMMON WORDS,Easy,miljoen,million
331,COMMON WORDS,Easy,seconde,second
332,COMMON WORDS,Easy,rijk,rich
333,COMMON WORDS,Easy,bier,beer
334,COMMON WORDS,Easy,collega,colleague
335,COMMON WORDS,Easy,actie,action
336,COMMON WORDS,Easy,plezier,pleasure
337,COMMON WORDS,Easy,psychologie,psychology
338,COMMON WORDS,Easy,techniek,technic
339,COMMON WORDS,Easy,vechten,to fight
340,COMMON WORDS,Easy,gras,grass
341,COMMON WORDS,Easy,pad,path
342,COMMON WORDS,Easy,financieel,financial
343,COMMON WORDS,Easy,beïnvloeden,to influence
344,COMMON WORDS,Easy,actief,active
345,COMMON WORDS,Easy,ster,star
346,COMMON WORDS,Easy,machine,machine
347,COMMON WORDS,Easy,energie,energy
348,COMMON WORDS,Easy,gouden,golden
349,COMMON WORDS,Easy,nek,neck
350,COMMON WORDS,Easy,rusten,to rest
351,COMMON WORDS,Easy,auteur,author
352,COMMON WORDS,Easy,procent,per cent
353,COMMON WORDS,Easy,museum,museum
354,COMMON WORDS,Easy,realiseren,realize
355,COMMON WORDS,Easy,cultureel,cultural
356,COMMON WORDS,Easy,bus,bus
357,COMMON WORDS,Easy,directeur,director
358,COMMON WORDS,Easy,materiaal,material
359,COMMON WORDS,Easy,produceren,to produce
360,COMMON WORDS,Easy,veld,field
361,COMMON WORDS,Easy,gast,guest
362,COMMON WORDS,Easy,dubbel,double
363,COMMON WORDS,Easy,zand,sand
364,COMMON WORDS,Easy,centrum,centre
365,COMMON WORDS,Easy,productie,production
366,COMMON WORDS,Easy,westen,west
367,COMMON WORDS,Easy,specifiek,specific
368,COMMON WORDS,Easy,koel,cool
369,COMMON WORDS,Easy,wassen,To wash
370,COMMON WORDS,Easy,klant,client
371,COMMON WORDS,Easy,tong,tongue
372,COMMON WORDS,Easy,argument,argument
373,COMMON WORDS,Easy,negatief,negative
374,COMMON WORDS,Easy,kaas,cheese
375,COMMON WORDS,Easy,titel,title
376,COMMON WORDS,Easy,visie,vision
377,COMMON WORDS,Easy,persoonlijkheid,personality
378,COMMON WORDS,Easy,kust,coast
379,COMMON WORDS,Easy,danken,to thank
380,COMMON WORDS,Easy,radio,radio
381,COMMON WORDS,Easy,wijd,wide
382,COMMON WORDS,Easy,jezelf,yourself
383,COMMON WORDS,Easy,interesseren,to be interested
384,COMMON WORDS,Easy,olie,oil
385,COMMON WORDS,Easy,thee,tea
386,COMMON WORDS,Easy,risico,risk
387,COMMON WORDS,Easy,president,president
388,COMMON WORDS,Easy,groen,green
389,COMMON WORDS,Easy,honger,hungry
390,COMMON WORDS,Easy,traditioneel,traditional
391,COMMON WORDS,Easy,adres,address
392,COMMON WORDS,Easy,experiment,experiment
393,COMMON WORDS,Easy,fundamenteel,fundamentally
394,COMMON WORDS,Easy,advies,advice
395,COMMON WORDS,Easy,klimmen,to climb
396,COMMON WORDS,Easy,typisch,typical
397,COMMON WORDS,Easy,stijl,style
398,COMMON WORDS,Easy,top,top
399,COMMON WORDS,Easy,traditie,tradition
400,COMMON WORDS,Easy,heet,hot
401,COMMON WORDS,Easy,psychologisch,psychological
402,COMMON WORDS,Easy,computer,computer
403,COMMON WORDS,Easy,generatie,generation
404,COMMON WORDS,Easy,bodem,bottom
405,COMMON WORDS,Easy,student,student
406,COMMON WORDS,Easy,relatief,relatively
407,COMMON WORDS,Easy,categorie,category
408,COMMON WORDS,Easy,kalm,calm
409,COMMON WORDS,Easy,eindigen,to end
410,COMMON WORDS,Easy,goederen,goods
411,COMMON WORDS,Easy,formuleren,to formulate
412,COMMON WORDS,Easy,instrument,instrument
413,COMMON WORDS,Easy,klas,class
414,COMMON WORDS,Easy,combinatie,combination
415,COMMON WORDS,Easy,publiceren,to publish
416,COMMON WORDS,Easy,landschap,landscape
417,COMMON WORDS,Easy,warmte,warmth
418,COMMON WORDS,Easy,televisie,television
419,COMMON WORDS,Easy,organiseren,to organize
420,COMMON WORDS,Easy,patroon,pattern
421,COMMON WORDS,Easy,agent,agent
422,COMMON WORDS,Easy,emotie,emotion
423,COMMON WORDS,Easy,orgaan,organ
424,COMMON WORDS,Easy,provincie,province
425,COMMON WORDS,Easy,detail,detail
426,COMMON WORDS,Easy,restaurant,restaurant
427,COMMON WORDS,Easy,wild,wild
428,COMMON WORDS,Easy,pijnlijk,painful
429,COMMON WORDS,Easy,station,station
430,COMMON WORDS,Easy,klassiek,classic
431,COMMON WORDS,Easy,sector,sector
432,COMMON WORDS,Easy,eindeloos,endless
433,COMMON WORDS,Easy,emotioneel,emotional
434,COMMON WORDS,Easy,studeren,to study
435,COMMON WORDS,Easy,symbool,symbol
436,COMMON WORDS,Easy,luitenant,lieutenant
437,COMMON WORDS,Easy,passeren,pass
438,COMMON WORDS,Easy,motief,motive
439,COMMON WORDS,Easy,fabriek,factory
440,COMMON WORDS,Easy,lijst,list
441,COMMON WORDS,Easy,serieus,serious
442,COMMON WORDS,Easy,logisch,logical
443,COMMON WORDS,Easy,mama,mom
444,COMMON WORDS,Easy,vluchten,to flee
445,COMMON WORDS,Easy,noorden,north
446,COMMON WORDS,Easy,bijten,to bite
447,COMMON WORDS,Easy,vorming,formation
448,COMMON WORDS,Easy,leren,to learn
449,COMMON WORDS,Easy,café,cafe
450,COMMON WORDS,Easy,object,object
451,COMMON WORDS,Easy,Holland,Holland
452,COMMON WORDS,Easy,kamp,camp
453,COMMON WORDS,Easy,dun,thin
454,COMMON WORDS,Easy,ideaal,ideal
455,COMMON WORDS,Easy,juni,june
456,COMMON WORDS,Easy,accepteren,to accept
457,COMMON WORDS,Easy,initiatief,initiative
458,COMMON WORDS,Easy,bitter,bitter
459,COMMON WORDS,Easy,verspreiden,to spread
460,COMMON WORDS,Easy,verbieden,to forbid
461,COMMON WORDS,Easy,consequentie,consequence
462,COMMON WORDS,Easy,oktober,October
463,COMMON WORDS,Easy,westers,western
464,COMMON WORDS,Easy,jongeman,young man
465,COMMON WORDS,Easy,hoed,hat
466,COMMON WORDS,Easy,zenden,to send
467,COMMON WORDS,Easy,zondag,sunday
468,COMMON WORDS,Easy,theoretisch,theoretically
469,COMMON WORDS,Easy,psycholoog,psychologist
470,COMMON WORDS,Easy,pers,press
471,COMMON WORDS,Easy,terras,terrace
472,COMMON WORDS,Easy,klas,class
473,COMMON WORDS,Easy,dood,dead
474,COMMON WORDS,Easy,crisis,crisis
475,COMMON WORDS,Easy,studeren,to study
476,COMMON WORDS,Easy,pot,pot
477,COMMON WORDS,Easy,operatie,operation
478,COMMON WORDS,Easy,partner,partner
479,COMMON WORDS,Easy,suiker,sugar
480,COMMON WORDS,Easy,gemeen,mean
481,COMMON WORDS,Easy,reden,reason
482,COMMON WORDS,Easy,plaat,plate
483,COMMON WORDS,Easy,stijf,stiff
484,COMMON WORDS,Easy,economie,economy
485,COMMON WORDS,Easy,bruin,brown
486,COMMON WORDS,Easy,sneeuw,snow
487,COMMON WORDS,Easy,kruis,cross
488,COMMON WORDS,Easy,automatisch,automatically
489,COMMON WORDS,Easy,project,project
490,COMMON WORDS,Easy,hut,hut
491,COMMON WORDS,Easy,fruit,fruit
492,COMMON WORDS,Easy,communicatie,communication
493,COMMON WORDS,Easy,dom,dumb
494,COMMON WORDS,Medium,"boom, de",tree
495,COMMON WORDS,Medium,"stoel, de",chair
496,COMMON WORDS,Medium,van,from / of
497,COMMON WORDS,Medium,zijn,to be
498,COMMON WORDS,Medium,met,with
499,COMMON WORDS,Medium,als,if/when
500,COMMON WORDS,Medium,er,there
501,COMMON WORDS,Medium,maar,but
502,COMMON WORDS,Medium,om,around
503,COMMON WORDS,Medium,naar,to
504,COMMON WORDS,Medium,ook,also
505,COMMON WORDS,Medium,bij,at
506,COMMON WORDS,Medium,nog,yet
507,COMMON WORDS,Medium,tot,until
508,COMMON WORDS,Medium,ons/onze,our
509,COMMON WORDS,Medium,veel,many
510,COMMON WORDS,Medium,mens,human
511,COMMON WORDS,Medium,toch,however
512,COMMON WORDS,Medium,na,after
513,COMMON WORDS,Medium,tijd,time
514,COMMON WORDS,Medium,kind,child
515,COMMON WORDS,Medium,vrouw,woman
516,COMMON WORDS,Medium,oog,eye
517,COMMON WORDS,Medium,dus,so
518,COMMON WORDS,Medium,heel,very
519,COMMON WORDS,Medium,even,"for a bit, for a while"
520,COMMON WORDS,Medium,zelfs,even
521,COMMON WORDS,Medium,elk,each
522,COMMON WORDS,Medium,ver,far
523,COMMON WORDS,Medium,hoofd,head
524,COMMON WORDS,Medium,"zeer, heel",very
525,COMMON WORDS,Medium,een paar,a couple
526,COMMON WORDS,Medium,vraag,question
527,COMMON WORDS,Medium,vaak,often
528,COMMON WORDS,Medium,keer,times
529,COMMON WORDS,Medium,eerst,first
530,COMMON WORDS,Medium,weg,away
531,COMMON WORDS,Medium,zaak,"matter, business"
532,COMMON WORDS,Medium,net,just
533,COMMON WORDS,Medium,heen,away
534,COMMON WORDS,Medium,hoog,high
535,COMMON WORDS,Medium,juist,right
536,COMMON WORDS,Medium,sterk,strong
537,COMMON WORDS,Medium,waar,true
538,COMMON WORDS,Medium,deel,part
539,COMMON WORDS,Medium,snel,fast
540,COMMON WORDS,Medium,mooi,"beautiful, pretty"
541,COMMON WORDS,Medium,feit,fact
542,COMMON WORDS,Medium,zin,sentence
543,COMMON WORDS,Medium,kort,short
544,COMMON WORDS,Medium,vast,fixed
545,COMMON WORDS,Medium,stad,city
546,COMMON WORDS,Medium,vroeg,early
547,COMMON WORDS,Medium,stem,voice
548,COMMON WORDS,Medium,kant,side
549,COMMON WORDS,Medium,geld,money
550,COMMON WORDS,Medium,stuk,piece
551,COMMON WORDS,Medium,graag,gladly
552,COMMON WORDS,Medium,nou,well
553,COMMON WORDS,Medium,pas,only
554,COMMON WORDS,Medium,recht,straight
555,COMMON WORDS,Medium,zwaar,heavy
556,COMMON WORDS,Medium,lid,member
557,COMMON WORDS,Medium,eeuw,century
558,COMMON WORDS,Medium,mond,mouth
559,COMMON WORDS,Medium,opnieuw,again
560,COMMON WORDS,Medium,thuis,at home
561,COMMON WORDS,Medium,kracht,power
562,COMMON WORDS,Medium,ooit,ever
563,COMMON WORDS,Medium,kerk,church
564,COMMON WORDS,Medium,blik,look
565,COMMON WORDS,Medium,kans,opportunity
566,COMMON WORDS,Medium,brief,letter
567,COMMON WORDS,Medium,beeld,statue
568,COMMON WORDS,Medium,zacht,soft
569,COMMON WORDS,Medium,macht,power
570,COMMON WORDS,Medium,via / door,through
571,COMMON WORDS,Medium,gang,corridor
572,COMMON WORDS,Medium,been,leg
573,COMMON WORDS,Medium,slecht,bad
574,COMMON WORDS,Medium,wet,law
575,COMMON WORDS,Medium,bang,afraid
576,COMMON WORDS,Medium,dier,animal
577,COMMON WORDS,Medium,lucht,sky
578,COMMON WORDS,Medium,rug,back
579,COMMON WORDS,Medium,angst,fear
580,COMMON WORDS,Medium,laag,low
581,COMMON WORDS,Medium,raam,window
582,COMMON WORDS,Medium,hond,dog
583,COMMON WORDS,Medium,stil,quiet
584,COMMON WORDS,Medium,doel,target
585,COMMON WORDS,Medium,dienst,shift
586,COMMON WORDS,Medium,zwart,black
587,COMMON WORDS,Medium,menen,mean
588,COMMON WORDS,Medium,dik,fat
589,COMMON WORDS,Medium,paard,horse
590,COMMON WORDS,Medium,vreemd,strange
591,COMMON WORDS,Medium,taal,language
592,COMMON WORDS,Medium,volk,people
593,COMMON WORDS,Medium,aarde,soil
594,COMMON WORDS,Medium,stoel,chair
595,COMMON WORDS,Medium,muur,wall
596,COMMON WORDS,Medium,raad,advice
597,COMMON WORDS,Medium,boom,tree
598,COMMON WORDS,Medium,dorp,village
599,COMMON WORDS,Medium,breed,wide
600,COMMON WORDS,Medium,leeg,empty
601,COMMON WORDS,Medium,lief,sweet
602,COMMON WORDS,Medium,klaar,ready
603,COMMON WORDS,Medium,zorg,care
604,COMMON WORDS,Medium,gauw,soon
605,COMMON WORDS,Medium,trap,stairs
606,COMMON WORDS,Medium,gek,crazy
607,COMMON WORDS,Medium,blad,sheet
608,COMMON WORDS,Medium,spel,game
609,COMMON WORDS,Medium,zak,bag
610,COMMON WORDS,Medium,borst,chest
611,COMMON WORDS,Medium,hoop,pile
612,COMMON WORDS,Medium,fles,bottle
613,COMMON WORDS,Medium,grens,border
614,COMMON WORDS,Medium,hoek,corner
615,COMMON WORDS,Medium,oom,uncle
616,COMMON WORDS,Medium,vlak,flat
617,COMMON WORDS,Medium,buurt,neighborhood
618,COMMON WORDS,Medium,ruim,spacious
619,COMMON WORDS,Medium,blij,happy
620,COMMON WORDS,Medium,eten,food
621,COMMON WORDS,Medium,stof,dust
622,COMMON WORDS,Medium,gat,hole
623,COMMON WORDS,Medium,boer,farmer
624,COMMON WORDS,Medium,reis,"trip, journey"
625,COMMON WORDS,Medium,druk,busy
626,COMMON WORDS,Medium,druk,pressure
627,COMMON WORDS,Medium,vlug / snel,quickly
628,COMMON WORDS,Medium,schuld,debt
629,COMMON WORDS,Medium,leuk,fun
630,COMMON WORDS,Medium,bloem,flower
631,COMMON WORDS,Medium,huisarts,doctor
632,COMMON WORDS,Medium,fijn,nice
633,COMMON WORDS,Medium,links,left
634,COMMON WORDS,Medium,plek,place
635,COMMON WORDS,Medium,niks,nothing
636,COMMON WORDS,Medium,tand,tooth
637,COMMON WORDS,Medium,rand,edge
638,COMMON WORDS,Medium,bos,forest
639,COMMON WORDS,Medium,rust,peace/calm
640,COMMON WORDS,Medium,kring,circle
641,COMMON WORDS,Medium,grijs,gray
642,COMMON WORDS,Medium,haast,rush
643,COMMON WORDS,Medium,vlees,meat
644,COMMON WORDS,Medium,eis,demand
645,COMMON WORDS,Medium,streek,region
646,COMMON WORDS,Medium,smaak,taste
647,COMMON WORDS,Medium,traan,tear
648,COMMON WORDS,Medium,rij,queue
649,COMMON WORDS,Medium,spoor,track
650,COMMON WORDS,Medium,last,burden
651,COMMON WORDS,Medium,smal,narrow
652,COMMON WORDS,Medium,slot,key lock
653,COMMON WORDS,Medium,zwak,weak
654,COMMON WORDS,Medium,geur,smell
655,COMMON WORDS,Medium,buik,stomach
656,COMMON WORDS,Medium,flink,hefty
657,COMMON WORDS,Medium,beurt,turn
658,COMMON WORDS,Medium,wangen,cheeks
659,COMMON WORDS,Medium,vloer,floor
660,COMMON WORDS,Medium,rook,smoke
661,COMMON WORDS,Medium,slag,battle
662,COMMON WORDS,Medium,maan,moon
663,COMMON WORDS,Medium,wens,wish
664,COMMON WORDS,Medium,sfeer,ambiance
665,COMMON WORDS,Medium,bron,source
666,COMMON WORDS,Medium,rijk,rich
667,COMMON WORDS,Medium,droog,dry
668,COMMON WORDS,Medium,bord,plate
669,COMMON WORDS,Medium,jeugd,youth
670,COMMON WORDS,Medium,schoon,clean
671,COMMON WORDS,Medium,keel,throat
672,COMMON WORDS,Medium,pak,business suit
673,COMMON WORDS,Medium,broek,pants
674,COMMON WORDS,Medium,golf,wave
675,COMMON WORDS,Medium,lichaam,body
676,COMMON WORDS,Medium,groei,growth
677,COMMON WORDS,Medium,nat,wet
678,COMMON WORDS,Medium,duur,expensive
679,COMMON WORDS,Medium,feest,party
680,COMMON WORDS,Medium,reeks,series
681,COMMON WORDS,Medium,strak,tight
682,COMMON WORDS,Medium,kleed,carpet
683,COMMON WORDS,Medium,vlucht,flight
684,COMMON WORDS,Medium,dak,roof
685,COMMON WORDS,Medium,hals,neck
686,COMMON WORDS,Medium,geel,yellow
687,COMMON WORDS,Medium,streng,strict
688,COMMON WORDS,Medium,veld,field
689,COMMON WORDS,Medium,moe,tired
690,COMMON WORDS,Medium,geloof,"faith, belief"
691,COMMON WORDS,Medium,tak,branch
692,COMMON WORDS,Medium,tong,tongue
693,COMMON WORDS,Medium,kwijt,lost
694,COMMON WORDS,Medium,kaas,cheese
695,COMMON WORDS,Medium,zaal,hall
696,COMMON WORDS,Medium,greep,grip
697,COMMON WORDS,Medium,kust,coast
698,COMMON WORDS,Medium,boos,angry
699,COMMON WORDS,Medium,brug,bridge
700,COMMON WORDS,Medium,vak,"field, subject"
701,COMMON WORDS,Medium,strand,beach
702,COMMON WORDS,Medium,klant,customer
703,COMMON WORDS,Medium,fout,mistake
704,COMMON WORDS,Medium,moed,courage
705,COMMON WORDS,Medium,dom,stupid
706,COMMON WORDS,Medium,jas,jacket
707,COMMON WORDS,Medium,trots,pride
708,COMMON WORDS,Medium,zoet,sweet
709,COMMON WORDS,Medium,fiets,bicycle
710,COMMON WORDS,Medium,wolk,cloud
711,COMMON WORDS,Medium,kast,closet
712,COMMON WORDS,Medium,klap,blow
713,COMMON WORDS,Medium,stroom,flow
714,COMMON WORDS,Medium,winst,profit
715,COMMON WORDS,Medium,knap,good looking
716,COMMON WORDS,Medium,straf,punishment
717,COMMON WORDS,Medium,langzaam,slow
718,COMMON WORDS,Medium,boog,bow
719,COMMON WORDS,Medium,een poos,a while
720,COMMON WORDS,Medium,strekken,stretch
721,COMMON WORDS,Medium,brand,fire
722,COMMON WORDS,Medium,dwars,transverse
723,COMMON WORDS,Medium,kist,chest
724,COMMON WORDS,Medium,wand,wall
725,COMMON WORDS,Medium,klacht,complaint
726,COMMON WORDS,Medium,stuur,steering wheel
727,COMMON WORDS,Medium,kern,core
728,COMMON WORDS,Medium,leer,leather
729,COMMON WORDS,Medium,het liefst,most preferably
730,COMMON WORDS,Medium,dun,thin
731,COMMON WORDS,Medium,jurk,dress
732,COMMON WORDS,Medium,troep,mess
733,COMMON WORDS,Medium,hoed,hat
734,COMMON WORDS,Medium,sturen,to send
735,COMMON WORDS,Medium,tocht,tour
736,COMMON WORDS,Medium,mes,knife
737,COMMON WORDS,Medium,maat,measure
738,COMMON WORDS,Medium,poot,leg
739,COMMON WORDS,Medium,vent,guy
740,COMMON WORDS,Medium,maag,stomach
741,COMMON WORDS,Medium,lijk,corpse
742,COMMON WORDS,Medium,eer,honor
743,COMMON WORDS,Medium,mooi,beautiful
744,COMMON WORDS,Medium,kruis,cross
745,COMMON WORDS,Medium,doos,box
746,COMMON WORDS,Medium,vrucht,fruit
747,COMMON WORDS,Medium,klein,small
748,COMMON WORDS,Medium,makkelijk,easy
749,COMMON WORDS,Difficult,eigenlijk,actually
750,COMMON WORDS,Difficult,misschien,maybe
751,COMMON WORDS,Difficult,over,about
752,COMMON WORDS,Difficult,ander,other
753,COMMON WORDS,Difficult,zoals,such as
754,COMMON WORDS,Difficult,zonder,without
755,COMMON WORDS,Difficult,altijd,always
756,COMMON WORDS,Difficult,eigen,own
757,COMMON WORDS,Difficult,alles,everything
758,COMMON WORDS,Difficult,terwijl,while
759,COMMON WORDS,Difficult,anders,different
760,COMMON WORDS,Difficult,terug,back
761,COMMON WORDS,Difficult,mogelijk,possible
762,COMMON WORDS,Difficult,geval,case
763,COMMON WORDS,Difficult,echter,however
764,COMMON WORDS,Difficult,zeker,sure
765,COMMON WORDS,Difficult,enkel,only
766,COMMON WORDS,Difficult,natuurlijk,of course
767,COMMON WORDS,Difficult,gezicht,face
768,COMMON WORDS,Difficult,iemand,someone
769,COMMON WORDS,Difficult,wereld,world
770,COMMON WORDS,Difficult,duidelijk,clearly
771,COMMON WORDS,Difficult,vooral,mostly
772,COMMON WORDS,Difficult,nodig,required
773,COMMON WORDS,Difficult,bijna,almost
774,COMMON WORDS,Difficult,alsof,as if
775,COMMON WORDS,Difficult,helemaal,completely
776,COMMON WORDS,Difficult,binnen,"within, inside"
777,COMMON WORDS,Difficult,aantal,number of
778,COMMON WORDS,Difficult,manier,way
779,COMMON WORDS,Difficult,kamer,room
780,COMMON WORDS,Difficult,allemaal,all of them
781,COMMON WORDS,Difficult,zichzelf,himself
782,COMMON WORDS,Difficult,eigenlijk,actually
783,COMMON WORDS,Difficult,niemand,nobody
784,COMMON WORDS,Difficult,daarom,therefore
785,COMMON WORDS,Difficult,gewoon,just
786,COMMON WORDS,Difficult,samen,together
787,COMMON WORDS,Difficult,genoeg,enough
788,COMMON WORDS,Difficult,verder,further
789,COMMON WORDS,Difficult,daarna,after that
790,COMMON WORDS,Difficult,verschillende,various
791,COMMON WORDS,Difficult,volgens,according to
792,COMMON WORDS,Difficult,moeilijk,difficult
793,COMMON WORDS,Difficult,weinig,"little, few"
794,COMMON WORDS,Difficult,iedereen,everyone
795,COMMON WORDS,Difficult,dezelfde,the same
796,COMMON WORDS,Difficult,gedachte,thought
797,COMMON WORDS,Difficult,geheel,whole
798,COMMON WORDS,Difficult,bijvoorbeeld,for example
799,COMMON WORDS,Difficult,belang,interest
800,COMMON WORDS,Difficult,ontwikkeling,development
801,COMMON WORDS,Difficult,zoveel,that much
802,COMMON WORDS,Difficult,gevoel,feeling
803,COMMON WORDS,Difficult,boven,upstairs
804,COMMON WORDS,Difficult,algemeen,general
805,COMMON WORDS,Difficult,gebied,area
806,COMMON WORDS,Difficult,bijzonder,special
807,COMMON WORDS,Difficult,buiten,outside
808,COMMON WORDS,Difficult,verhaal,story
809,COMMON WORDS,Difficult,gevolg,consequence
810,COMMON WORDS,Difficult,voorbeeld,example
811,COMMON WORDS,Difficult,opnieuw,again
812,COMMON WORDS,Difficult,vroeger,back in the days
813,COMMON WORDS,Difficult,bovendien,moreover
814,COMMON WORDS,Difficult,mogelijkheid,possibility
815,COMMON WORDS,Difficult,reden,reason
816,COMMON WORDS,Difficult,eerder,earlier
817,COMMON WORDS,Difficult,bepaald,determined
818,COMMON WORDS,Difficult,vanuit,from
819,COMMON WORDS,Difficult,tegenover,opposite
820,COMMON WORDS,Difficult,gebruik,use
821,COMMON WORDS,Difficult,meteen,right away
822,COMMON WORDS,Difficult,onderzoek,research
823,COMMON WORDS,Difficult,beweging,movement
824,COMMON WORDS,Difficult,waarschijnlijk,probably
825,COMMON WORDS,Difficult,zaken,affairs
826,COMMON WORDS,Difficult,aandacht,attention
827,COMMON WORDS,Difficult,langzaam,slowly
828,COMMON WORDS,Difficult,richting,towards
829,COMMON WORDS,Difficult,verschillen,differences
830,COMMON WORDS,Difficult,oorlog,war
831,COMMON WORDS,Difficult,meestal,mostly
832,COMMON WORDS,Difficult,nauwelijks,barely
833,COMMON WORDS,Difficult,hetzelfde,the same
834,COMMON WORDS,Difficult,tenslotte,finally
835,COMMON WORDS,Difficult,menselijk,human
836,COMMON WORDS,Difficult,invloed,influence
837,COMMON WORDS,Difficult,bezig,busy
838,COMMON WORDS,Difficult,verband,bandage
839,COMMON WORDS,Difficult,plotseling,suddenly
840,COMMON WORDS,Difficult,inderdaad,indeed
841,COMMON WORDS,Difficult,maatschappij,society
842,COMMON WORDS,Difficult,gemakkelijk,easy
843,COMMON WORDS,Difficult,donker,dark
844,COMMON WORDS,Difficult,verschil,difference
845,COMMON WORDS,Difficult,gelukkig,happy
846,COMMON WORDS,Difficult,betekenis,meaning
847,COMMON WORDS,Difficult,ervaring,experience
848,COMMON WORDS,Difficult,begrip,understanding
849,COMMON WORDS,Difficult,mevrouw,Mrs.
850,COMMON WORDS,Difficult,volgende,next
851,COMMON WORDS,Difficult,volledig,complete
852,COMMON WORDS,Difficult,verschillend,different
853,COMMON WORDS,Difficult,onderwijs,education
854,COMMON WORDS,Difficult,behoefte,need
855,COMMON WORDS,Difficult,rustig,quiet
856,COMMON WORDS,Difficult,eenmaal,once
857,COMMON WORDS,Difficult,eenvoudig,simple
858,COMMON WORDS,Difficult,ongeveer,approximately
859,COMMON WORDS,Difficult,waarde,value
860,COMMON WORDS,Difficult,ergens,somewhere
861,COMMON WORDS,Difficult,gesprek,conversation
862,COMMON WORDS,Difficult,indruk,impression
863,COMMON WORDS,Difficult,aarde,soil
864,COMMON WORDS,Difficult,onmiddellijk,immediately
865,COMMON WORDS,Difficult,werkelijkheid,reality
866,COMMON WORDS,Difficult,persoonlijk,in person
867,COMMON WORDS,Difficult,ruimte,space
868,COMMON WORDS,Difficult,moeite,effort
869,COMMON WORDS,Difficult,verandering,change
870,COMMON WORDS,Difficult,geluid,sound
871,COMMON WORDS,Difficult,gedrag,behaviour
872,COMMON WORDS,Difficult,bewust,conscious
873,COMMON WORDS,Difficult,namelijk,namely
874,COMMON WORDS,Difficult,regel,rule
875,COMMON WORDS,Difficult,voordat,before
876,COMMON WORDS,Difficult,gelijk,equal
877,COMMON WORDS,Difficult,geschiedenis,history
878,COMMON WORDS,Difficult,kop,headline
879,COMMON WORDS,Difficult,voldoende,enough
880,COMMON WORDS,Difficult,overal,everywhere
881,COMMON WORDS,Difficult,ernstig,serious
882,COMMON WORDS,Difficult,nogal,quite
883,COMMON WORDS,Difficult,overigens,moreover
884,COMMON WORDS,Difficult,omstandigheid,circumstance
885,COMMON WORDS,Difficult,noch,neither
886,COMMON WORDS,Difficult,trouwens,"besides, by the way"
887,COMMON WORDS,Difficult,toekomst,future
888,COMMON WORDS,Difficult,opeens,suddenly
889,COMMON WORDS,Difficult,omgeving,surroundings
890,COMMON WORDS,Difficult,opvatting,view
891,COMMON WORDS,Difficult,overheid,government
892,COMMON WORDS,Difficult,afstand,distance
893,COMMON WORDS,Difficult,vervolgens,thereafter
894,COMMON WORDS,Difficult,wetenschap,science
895,COMMON WORDS,Difficult,ondanks,despite
896,COMMON WORDS,Difficult,eindelijk,finally
897,COMMON WORDS,Difficult,vrijheid,freedom
898,COMMON WORDS,Difficult,omhoog,up
899,COMMON WORDS,Difficult,ziekte,disease
900,COMMON WORDS,Difficult,hoogte,height
901,COMMON WORDS,Difficult,beleid,policy
902,COMMON WORDS,Difficult,schrijver,writer
903,COMMON WORDS,Difficult,maatschappij,society
904,COMMON WORDS,Difficult,bedrijf,company
905,COMMON WORDS,Difficult,beneden,down
906,COMMON WORDS,Difficult,vandaag,today
907,COMMON WORDS,Difficult,samenleving,society
908,COMMON WORDS,Difficult,verhouding,ratio
909,COMMON WORDS,Difficult,houding,attitude
910,COMMON WORDS,Difficult,gevaar,danger
911,COMMON WORDS,Difficult,regering,government
912,COMMON WORDS,Difficult,rekening,bill
913,COMMON WORDS,Difficult,wetenschappelijk,scientific
914,COMMON WORDS,Difficult,soldaat,soldier
915,COMMON WORDS,Difficult,waarheid,truth
916,COMMON WORDS,Difficult,tenminste,at least
917,COMMON WORDS,Difficult,prachtig,magnificent
918,COMMON WORDS,Difficult,beroep,profession
919,COMMON WORDS,Difficult,poging,attempt
920,COMMON WORDS,Difficult,oorzaak,cause
921,COMMON WORDS,Difficult,mening,opinion
922,COMMON WORDS,Difficult,allen,all
923,COMMON WORDS,Difficult,gezin,family
924,COMMON WORDS,Difficult,voorzichtig,careful
925,COMMON WORDS,Difficult,beslissing,decision
926,COMMON WORDS,Difficult,uiteindelijk,in the end
927,COMMON WORDS,Difficult,geleden,ago
928,COMMON WORDS,Difficult,gelegenheid,opportunity
929,COMMON WORDS,Difficult,noodzakelijk,necessary
930,COMMON WORDS,Difficult,aanwezig,present
931,COMMON WORDS,Difficult,leeftijd,age
932,COMMON WORDS,Difficult,bellen,dial
933,COMMON WORDS,Difficult,onmogelijk,impossible
934,COMMON WORDS,Difficult,stilte,silence
935,COMMON WORDS,Difficult,behandeling,therapy
936,COMMON WORDS,Difficult,huwelijk,wedding
937,COMMON WORDS,Difficult,vorige,"last, previous"
938,COMMON WORDS,Difficult,verklaring,statement
939,COMMON WORDS,Difficult,verleden,past
940,COMMON WORDS,Difficult,bezoek,visit
941,COMMON WORDS,Difficult,oplossing,solution
942,COMMON WORDS,Difficult,doordat,because
943,COMMON WORDS,Difficult,verlangen,desire
944,COMMON WORDS,Difficult,bevatten,contain
945,COMMON WORDS,Difficult,moeilijkheid,difficulty
946,COMMON WORDS,Difficult,keuken,kitchen
947,COMMON WORDS,Difficult,herinnering,reminder
948,COMMON WORDS,Difficult,dagelijks,daily
949,COMMON WORDS,Difficult,ziekenhuis,hospital
950,COMMON WORDS,Difficult,zodra,as soon as
951,COMMON WORDS,Difficult,onderwerp,"topic, subject"
952,COMMON WORDS,Difficult,vrijwel,almost
953,COMMON WORDS,Difficult,blijkbaar,apparently
954,COMMON WORDS,Difficult,bureau,desk
955,COMMON WORDS,Difficult,opdracht,"assignment, exercise"
956,COMMON WORDS,Difficult,gebouw,building
957,COMMON WORDS,Difficult,uitdrukking,expression
958,COMMON WORDS,Difficult,zolang,as long as
959,COMMON WORDS,Difficult,lekker,"tasty, nice"
960,COMMON WORDS,Difficult,bestuur,board
961,COMMON WORDS,Difficult,keuze,choice
962,COMMON WORDS,Difficult,behalve,except
963,COMMON WORDS,Difficult,uitspraak,pronunciation
964,COMMON WORDS,Difficult,nergens,nowhere
965,COMMON WORDS,Difficult,gezond,healthy
966,COMMON WORDS,Difficult,voorstel,proposal
967,COMMON WORDS,Difficult,veilig,safe
968,COMMON WORDS,Difficult,stijgen,rise
969,COMMON WORDS,Difficult,besluit,decision
970,COMMON WORDS,Difficult,eiland,island
971,COMMON WORDS,Difficult,tegenstelling,contrary
972,COMMON WORDS,Difficult,oordeel,judgment
973,COMMON WORDS,Difficult,twijfel,doubt
974,COMMON WORDS,Difficult,glimlach,smile
975,COMMON WORDS,Difficult,uitsluitend,exclusively
976,COMMON WORDS,Difficult,wellicht,perhaps
977,COMMON WORDS,Difficult,spanning,"tension, stress"
978,COMMON WORDS,Difficult,arbeid,labor
979,COMMON WORDS,Difficult,gevaarlijk,dangerous
980,COMMON WORDS,Difficult,rechter,judge
981,COMMON WORDS,Difficult,leraar,teacher
982,COMMON WORDS,Difficult,vriendin,girlfriend
983,COMMON WORDS,Difficult,zekerheid,security
984,COMMON WORDS,Difficult,gewoonlijk,usually
985,COMMON WORDS,Difficult,heerlijk,delicious
986,COMMON WORDS,Difficult,geur,smell
987,COMMON WORDS,Difficult,openbaar,public
988,COMMON WORDS,Difficult,voordeel,benefit
989,COMMON WORDS,Difficult,opmerking,comment
990,COMMON WORDS,Difficult,intussen,meanwhile
991,COMMON WORDS,Difficult,gezag,authority
992,COMMON WORDS,Difficult,herhalen,to repeat
993,COMMON WORDS,Difficult,tevreden,satisfied; pleased
994,COMMON WORDS,Difficult,kantoor,office
995,COMMON WORDS,Difficult,gedeelte,part
996,COMMON WORDS,Difficult,afdeling,department
997,COMMON WORDS,Difficult,maatregel,measure
998,COMMON WORDS,Difficult,voedsel,food
999,COMMON WORDS,Difficult,boodschap,message
1000,COMMON WORDS,Difficult,krachtige,powerful
1001,COMMON WORDS,Difficult,vrolijk,cheerful
1002,COMMON WORDS,Difficult,vertrek,departure
1003,COMMON WORDS,Difficult,toevallig,coincidentally
1004,COMMON WORDS,Difficult,uitstekend,excellent; outstanding
1005,COMMON WORDS,Difficult,bewijs,proof
1006,COMMON WORDS,Difficult,voorkeur,preference
1007,COMMON WORDS,Difficult,achtergrond,background
1008,COMMON WORDS,Difficult,eigenschap,charachteristic
1009,COMMON WORDS,Difficult,bezit,possession
1010,COMMON WORDS,Difficult,handeling,act
1011,COMMON WORDS,Difficult,arbeider,worker
1012,COMMON WORDS,Difficult,prettig,pleasant
1013,COMMON WORDS,Difficult,geheim,secret
1014,COMMON WORDS,Difficult,gedicht,poem
1015,COMMON WORDS,Difficult,vijand,enemy
1016,COMMON WORDS,Difficult,verwachting,expectation
1017,COMMON WORDS,Difficult,inmiddels,in the meantime
1018,COMMON WORDS,Difficult,ongetwijfeld,"undoubtedly, surely"
1019,COMMON WORDS,Difficult,vergadering,meeting
1020,COMMON WORDS,Difficult,buitenlands,foreign
1021,COMMON WORDS,Difficult,opleiding,education
1022,COMMON WORDS,Difficult,verschrikkelijk,terrible
1023,COMMON WORDS,Difficult,ambtenaar,civil servant
1024,COMMON WORDS,Difficult,redelijk,"reasonable, reasonably"
1025,COMMON WORDS,Difficult,gewoonte,habit
1026,COMMON WORDS,Difficult,verzoek,request
1027,COMMON WORDS,Difficult,leerling,pupil
1028,COMMON WORDS,Difficult,geweld,violence
1029,COMMON WORDS,Difficult,uitzondering,exception
1030,COMMON WORDS,Difficult,voorwerp,object
1031,COMMON WORDS,Difficult,gunstig,favorable
1032,COMMON WORDS,Difficult,regeling,regulation
1033,COMMON WORDS,Difficult,doelstelling,"goal, objective"
1034,COMMON WORDS,Difficult,verdriet,sadness
1035,COMMON WORDS,Difficult,dichtbij,nearby
1036,COMMON WORDS,Difficult,afspraak,appointment
1037,COMMON WORDS,Difficult,allebei,both
1038,COMMON WORDS,Difficult,heuvel,hill
1039,COMMON WORDS,Difficult,voorhoofd,forehead
1040,COMMON WORDS,Difficult,vreselijk,horrible
1041,COMMON WORDS,Difficult,vrede,peace
1042,COMMON WORDS,Difficult,godsdienst,religion
1043,COMMON WORDS,Difficult,samenwerking,cooperation
1044,COMMON WORDS,Difficult,spiegel,mirror
1045,COMMON WORDS,Difficult,verstand,"wit, wiseness"
1046,COMMON WORDS,Difficult,onderscheid,"difference, distinction"
1047,COMMON WORDS,Difficult,aanval,attack
1048,COMMON WORDS,Difficult,ongeluk,accident
1049,COMMON WORDS,Difficult,sleutel,key
1050,COMMON WORDS,Difficult,koffer,suitcase
1051,COMMON WORDS,Difficult,afscheid,goodbye
1052,COMMON WORDS,Difficult,vereniging,"association, club"
1053,COMMON WORDS,Difficult,geweldig,"awesome, great"
1054,COMMON WORDS,Difficult,bodem,"bottom, ground"
1055,COMMON WORDS,Difficult,woning,house
1056,COMMON WORDS,Difficult,overeenkomst,agreement
1057,COMMON WORDS,Difficult,voorzitter,chairman
1058,COMMON WORDS,Difficult,milieu,environment
1059,COMMON WORDS,Difficult,kenmerken,characteristics
1060,COMMON WORDS,Difficult,landschap,landscape
1061,COMMON WORDS,Difficult,definitief,final
1062,COMMON WORDS,Difficult,nauwkeurig,accurate
1063,COMMON WORDS,Difficult,bijdrage,contribution
1064,COMMON WORDS,Difficult,overleg,consultation
1065,COMMON WORDS,Difficult,"man, echtgenoot",husband
1066,COMMON WORDS,Difficult,verbazing,surprise
1067,COMMON WORDS,Difficult,gordijnen,curtains
1068,COMMON WORDS,Difficult,goedkoop,cheap
1069,COMMON WORDS,Difficult,evenwicht,balance
1070,COMMON WORDS,Difficult,vochtig,moist
1071,COMMON WORDS,Difficult,vergelijking,comparison
1072,COMMON WORDS,Difficult,gezondheid,health
1073,COMMON WORDS,Difficult,kern,core
1074,COMMON WORDS,Difficult,gevangenis,"jail, prison"
1075,COMMON WORDS,Difficult,slaapkamer,bedroom
1076,COMMON WORDS,Difficult,kleren,clothes
1077,COMMON WORDS,Difficult,makkelijk,easy
1078,COMMON WORDS,Difficult,verbaasd,surprised
1079,COMMON WORDS,Difficult,deken,blanket
1080,COMMON WORDS,Difficult,vreugde,joy
1081,COMMON WORDS,Difficult,gemak,ease
1082,COMMON WORDS,Difficult,kunstenaar,artist
1083,COMMON WORDS,Difficult,burgemeester,mayor
1084,COMMON WORDS,Difficult,verlies,loss
1085,COMMON WORDS,Difficult,burgerlijk,civil
1086,COMMON WORDS,Difficult,lelijk,ugly
1087,COMMON WORDS,Difficult,overig,"other, remaining"
1088,COMMON WORDS,Difficult,bereid,prepared
1089,COMMON WORDS,Difficult,koningin,queen
1090,COMMON WORDS,Difficult,eigenaar,owner
1091,COMMON WORDS,Difficult,ontmoeting,meeting
1092,COMMON WORDS,Difficult,verslag,report
1093,COMMON WORDS,Difficult,onverwacht,unexpected
1094,COMMON WORDS,Difficult,personeel,staff
1095,COMMON WORDS,Difficult,gezellig,cozy
1096,COMMON WORDS,Difficult,geheugen,memory
1097,COMMON WORDS,Difficult,verdrietig,sad
1098,COMMON WORDS,Difficult,snelheid,speed
1099,COMMON WORDS,Difficult,gemeen,mean
1100,COMMON WORDS,Difficult,nuttig,helpful; useful
1101,COMMON WORDS,Difficult,schade,damage
1102,COMMON WORDS,Difficult,kapot,broken
1103,COMMON WORDS,Difficult,bescherming,protection
1104,COMMON WORDS,Difficult,noodzaak,need
1105,COMMON WORDS,Difficult,jammer,unfortunately
1106,COMMON WORDS,Difficult,toekomstig,future
1107,COMMON WORDS,Difficult,tijdschrift,magazine
1108,COMMON WORDS,Difficult,verdieping,floor
1109,COMMON WORDS,Difficult,aantrekkelijk,attractive
1110,COMMON WORDS,Difficult,opvoeding,education
1111,COMMON WORDS,Difficult,tegenstander,opponent
1112,COMMON WORDS,Difficult,verantwoordelijkheid,responsibility
1113,VERBS,Common verbs,krijgen,"to get, receive"
1114,VERBS,Common verbs,lopen,to walk
1115,VERBS,Common verbs,hebben,to have
1116,VERBS,Common verbs,gaan,to go
1117,VERBS,Common verbs,zijn,to be
1118,VERBS,Common verbs,doen,to do
1119,VERBS,Common verbs,moeten,should/must
1120,VERBS,Common verbs,kunnen,can/be able to
1121,VERBS,Common verbs,komen,to come
1122,VERBS,Common verbs,worden,to become
1123,VERBS,Common verbs,leven,to live
1124,VERBS,Common verbs,zeggen,to say
1125,VERBS,Common verbs,weten,to know
1126,VERBS,Common verbs,houden,"to keep, hold"
1127,VERBS,Common verbs,maken,to make
1128,VERBS,Common verbs,zullen,shall/will
1129,VERBS,Common verbs,willen,to want
1130,VERBS,Common verbs,praten,to talk
1131,VERBS,Common verbs,luisteren,to listen
1132,VERBS,Common verbs,zien,to see
1133,VERBS,Common verbs,helpen,to help
1134,VERBS,Common verbs,blijven,to stay
1135,VERBS,Common verbs,geven,to give
1136,VERBS,Common verbs,vertellen,to tell
1137,VERBS,Common verbs,eten,to eat
1138,VERBS,Common verbs,staan,to stand
1139,VERBS,Common verbs,vragen,to ask
1140,VERBS,Common verbs,nemen,to take
1141,VERBS,Common verbs,kennen,to know
1142,VERBS,Common verbs,stoppen,to stop
1143,VERBS,Common verbs,denken,to think
1144,VERBS,Common verbs,hopen,to hope
1145,VERBS,Common verbs,zouden,would
1146,VERBS,Common verbs,horen,to hear
1147,VERBS,Common verbs,pakken,to grab
1148,VERBS,Common verbs,voelen,to feel
1149,VERBS,Common verbs,zetten,to put
1150,VERBS,Common verbs,werken,to work
1151,VERBS,Common verbs,zitten,to sit
1152,VERBS,Common verbs,zoeken,to search
1153,VERBS,Common verbs,spelen,to play
1154,VERBS,Common verbs,brengen,to bring
1155,VERBS,Common verbs,spreken,to speak
1156,VERBS,Common verbs,blijven,to stay
1157,VERBS,Common verbs,vinden,to find
1158,VERBS,Common verbs,vergeten,to forget
1159,VERBS,Common verbs,beginnen,"to start, begin"
1160,VERBS,Common verbs,betekenen,to mean
1161,VERBS,Common verbs,gebruiken,to use
1162,VERBS,Common verbs,zorgen,to care
1163,VERBS,Common verbs,bellen,to call
1164,VERBS,Common verbs,leren,to learn
1165,VERBS,Common verbs,slapen,to sleep
1166,VERBS,Common verbs,hoeven,to need to
1167,VERBS,Common verbs,drinken,to drink
1168,VERBS,Common verbs,liggen,to lie
1169,VERBS,Common verbs,mogen,to be allowed to/may
1170,VERBS,Common verbs,betalen,to pay
1171,VERBS,Common verbs,voelen,to feel
1172,VERBS,Common verbs,rijden,to drive
1173,VERBS,Common verbs,ontmoeten,to meet
1174,VERBS,Common verbs,vechten,to fight
1175,VERBS,Common verbs,trouwen,to marry
1176,VERBS,Common verbs,verliezen,to lose
1177,VERBS,Common verbs,veranderen,to change
1178,VERBS,Common verbs,antwoorden,to answer
1179,VERBS,Common verbs,kopen,to buy
1180,VERBS,Common verbs,winnen,to win
1181,VERBS,Common verbs,vertrekken,to leave/depart
1182,VERBS,Common verbs,lezen,to read
1183,VERBS,Common verbs,dansen,to dance
1184,VERBS,Common verbs,schrijven,to write
1185,VERBS,Common verbs,duren,to last
1186,VERBS,Common verbs,kosten,to cost
1187,VERBS,Common verbs,bewegen,to move
1188,VERBS,Common verbs,kijken,to look
1189,VERBS,Common verbs,sluiten,to close
1190,VERBS,Common verbs,zingen,to sing
1191,VERBS,Common verbs,zeggen,to say
1192,VERBS,Common verbs,lukken,"to succeed, work out"
1193,VERBS,Common verbs,kiezen,to select
1194,VERBS,Common verbs,verkopen,to sell
1195,VERBS,Common verbs,verdienen,to earn
1196,VERBS,Common verbs,vieren,to celebrate
1197,VERBS,Common verbs,besluiten,to decide
1198,VERBS,Common verbs,ruiken,to smell
1199,VERBS,Common verbs,openen,to open
1200,VERBS,Common verbs,lenen,to borrow
1201,VERBS,Common verbs,sturen,to send
1202,VERBS,Common verbs,reizen,to travel
1203,VERBS,Separable verbs,meenemen,to take along
1204,VERBS,Separable verbs,samenwerken,to cooperate
1205,VERBS,Separable verbs,weggaan,to leave
1206,VERBS,Separable verbs,uitleggen,to explain
1207,VERBS,Separable verbs,meenemen,to take with
1208,VERBS,Separable verbs,doorgaan,to continue
1209,VERBS,Separable verbs,opstaan,to get up
1210,VERBS,Separable verbs,terugkomen,to come back
1211,VERBS,Separable verbs,ophalen,to pick up
1212,VERBS,Separable verbs,oplossen,to resolve; to solve
1213,VERBS,Separable verbs,binnenkomen,to enter
1214,VERBS,Separable verbs,afspreken,to make an appointment
1215,VERBS,Separable verbs,aankomen,to arrive
1216,VERBS,Separable verbs,uitgaan,to go out
1217,VERBS,Separable verbs,aanbieden,to offer
1218,VERBS,Separable verbs,ingaan,to enter
1219,VERBS,Separable verbs,opbellen,to call up
1220,VERBS,Separable verbs,schoonmaken,to clean
1221,VERBS,Separable verbs,dichtdoen,to close
1222,VERBS,Separable verbs,opendoen,to open
1223,VERBS,Separable verbs,samenwonen,to live together
1224,VERBS,Separable verbs,inleveren,to hand in
1225,VERBS,Separable verbs,afwassen,to do the dishes
1226,VERBS,Separable verbs,weggooien,to throw away
1227,VERBS,Separable verbs,instappen,to to get in
1228,VERBS,Separable verbs,uitstappen,to get off
1229,VERBS,Separable verbs,wegbrengen,to take away
1230,VERBS,Separable verbs,oversteken,to cross
1231,VERBS,Separable verbs,afgaan,to go down/descend
1232,VERBS,Separable verbs,tegenkomen,to come across (somebody)/walk into (somebody)
1233,VERBS,Separable verbs,verdergaan,to continue
1234,VERBS,Separable verbs,afrekenen,to pay/settle the bill
1235,VERBS,Separable verbs,afmaken,to finish up
1236,VERBS,Separable verbs,afstuderen,to graduate
1237,VERBS,Separable verbs,doorgeven,to pass along
1238,VERBS,Separable verbs,langskomen,to pass by
1239,VERBS,Separable verbs,meebrengen,to bring with
1240,VERBS,Separable verbs,meedoen,to participate
1241,VERBS,Separable verbs,meegeven,to give with
1242,VERBS,Separable verbs,meekomen,to come along
1243,VERBS,Separable verbs,meekijken,to watch with..
1244,VERBS,Separable verbs,neerleggen,to put down
1245,VERBS,Separable verbs,neerzetten,to put down
1246,VERBS,Separable verbs,omgaan met,to handle
1247,VERBS,Separable verbs,opschrijven,to write down
1248,VERBS,Separable verbs,samenwerken,to cooperate
1249,ADJECTIVES,-,"goed, slecht","good, bad"
1250,ADJECTIVES,-,"groot, klein","big, small"
1251,ADJECTIVES,-,"rijk, arm","rich, poor"
1252,ADJECTIVES,-,"dik, dun","fat, thin"
1253,ADJECTIVES,-,"smal, breed","narrow, wide"
1254,ADJECTIVES,-,"lang, kort","tall, short"
1255,ADJECTIVES,-,"zwaar, licht","heavy, light"
1256,ADJECTIVES,-,"langzaam, snel","slow, fast"
1257,ADJECTIVES,-,"negatief, positief","negative, positive"
1258,ADJECTIVES,-,"vorige, volgende","last, next"
1259,ADJECTIVES,-,"open, dicht","open, closed"
1260,ADJECTIVES,-,"hoog, laag","high, low"
1261,ADJECTIVES,-,"goed, slecht","good, bad"
1262,ADJECTIVES,-,"mooi, lelijk","beautiful, ugly"
1263,ADJECTIVES,-,"schoon, vies","clean, dirty"
1264,ADJECTIVES,-,"dichtbij, ver weg","close by, far away"
1265,ADJECTIVES,-,"moeilijk, makkelijk","difficult, easy"
1266,ADJECTIVES,-,"hard, zacht","hard, soft"
1267,ADJECTIVES,-,"sterk, zwak","strong, weak"
1268,ADJECTIVES,-,"gezond, ziek","healthy, sick"
1269,ADJECTIVES,-,"warm, koud","warm, cold"
1270,ADJECTIVES,-,"hoog, laag","high, low"
1271,ADJECTIVES,-,"mooi, lelijk","pretty, ugly"
1272,ADJECTIVES,-,"lekker, vies","tasty, disgusting"
1273,ADJECTIVES,-,"donker, licht","dark, light"
1274,ADJECTIVES,-,"veel, weinig","much, little"
1275,ADJECTIVES,-,"goedkoop, duur","cheap, expensive"
1276,ADJECTIVES,-,"jong, oud","young, old"
1277,ADJECTIVES,-,"zwart, wit","black, white"
1278,ADJECTIVES,-,"droog, nat","dry, wet"
1279,ADJECTIVES,-,"hetzelfde, anders","the same, different"
1280,ADJECTIVES,-,"nieuw, oud","new, old"
1281,PREPOSITIONS,-,Voor,"in front of, before"
1282,PREPOSITIONS,-,Achter,behind
1283,PREPOSITIONS,-,boven,above
1284,PREPOSITIONS,-,onder,below
1285,PREPOSITIONS,-,bij,at
1286,PREPOSITIONS,-,in,in
1287,PREPOSITIONS,-,tussen,in between
1288,PREPOSITIONS,-,tegenover,opposite
1289,PREPOSITIONS,-,met,with
1290,PREPOSITIONS,-,tegen,against
1291,PREPOSITIONS,-,achter,behind
1292,PREPOSITIONS,-,naast,next to
1293,PREPOSITIONS,-,voor,in front of
1294,PREPOSITIONS,-,op,on
1295,PREPOSITIONS,-,aan,to/attached to
1296,PREPOSITIONS,-,om,around